Model,Accuracy,Precision,Recall,F1-Score,AUC-ROC
Logistic Regression,0.7333333333333333,0.55,0.6111111111111112,0.5789473684210527,0.7611111111111112
Random Forest,0.7633333333333333,0.6172839506172839,0.5555555555555556,0.5847953216374269,0.7943386243386243
Neural Network,0.7766666666666666,0.6352941176470588,0.6,0.6171428571428571,0.786984126984127
