{
  "accuracy": 0.7766666666666666,
  "precision": 0.6352941176470588,
  "recall": 0.6,
  "f1_score": 0.6171428571428571,
  "roc_auc": 0.786984126984127,
  "avg_precision": 0.5656426658366094,
  "true_negatives": 179,
  "false_positives": 31,
  "false_negatives": 36,
  "true_positives": 54,
  "specificity": 0.8523809523809524,
  "sensitivity": 0.6
}