{
  "round": 20,
  "accuracy": 0.6966666666666667,
  "precision": 0.4954128440366973,
  "recall": 0.6,
  "f1_score": 0.542713567839196,
  "roc_auc": 0.7459259259259259
}