{
  "round": 20,
  "accuracy": 0.7533333333333333,
  "precision": 0.5701754385964912,
  "recall": 0.7222222222222222,
  "f1_score": 0.6372549019607843,
  "roc_auc": 0.7948677248677248
}